the,Prep
name,Prep
of,Prep
very,Prep
to,Prep
through,Prep
and,Prep
just,Prep
a,Prep
form,Prep
in,Prep
much,Prep
is,Prep
great,Prep
it,Prep
think,Prep
you,Prep
say,Prep
that,Prep
help,Prep
he,Prep
low,Prep
was,Prep
line,Prep
for,Prep
before,Prep
on,Prep
turn,Prep
are,Prep
cause,Prep
with,Prep
same,Prep
as,Prep
mean,Prep
I,Prep
differ,Prep
his,Prep
move,Prep
they,Prep
right,Prep
be,Prep
boy,Prep
at,Prep
old,Prep
one,Prep
too,Prep
have,Prep
does,Prep
this,Prep
tell,Prep
from,Prep
sentence,Prep
or,Prep
set,Prep
had,Prep
three,Prep
by,Prep
want,Prep
hot,Prep
air,Prep
but,Prep
well,Prep
some,Prep
also,Prep
what,Prep
play,Prep
there,Prep
small,Prep
we,Prep
end,Prep
can,Prep
put,Prep
out,Prep
home,Prep
other,Prep
read,Prep
were,Prep
hand,Prep
all,Prep
port,Prep
your,Prep
large,Prep
when,Prep
spell,Prep
up,Prep
add,Prep
use,Prep
even,Prep
word,Prep
land,Prep
how,Prep
here,Prep
said,Prep
must,Prep
an,Prep
big,Prep
each,Prep
high,Prep
she,Prep
such,Prep
which,Prep
follow,Prep
do,Prep
act,Prep
their,Prep
why,Prep
time,Prep
ask,Prep
if,Prep
men,Prep
will,Prep
change,Prep
way,Prep
went,Prep
about,Prep
light,Prep
many,Prep
kind,Prep
then,Prep
off,Prep
them,Prep
need,Prep
would,Prep
house,Prep
write,Prep
picture,Prep
like,Prep
try,Prep
so,Prep
us,Prep
these,Prep
again,Prep
her,Prep
animal,Prep
long,Prep
point,Prep
make,Prep
mother,Prep
thing,Prep
world,Prep
see,Prep
near,Prep
him,Prep
build,Prep
two,Prep
self,Prep
has,Prep
earth,Prep
look,Prep
father,Prep
more,Prep
head,Prep
day,Prep
stand,Prep
could,Prep
own,Prep
go,Prep
page,Prep
come,Prep
should,Prep
did,Prep
country,Prep
my,Prep
found,Prep
sound,Prep
answer,Prep
no,Prep
school,Prep
most,Prep
grow,Prep
number,Prep
study,Prep
who,Prep
still,Prep
over,Prep
learn,Prep
know,Prep
plant,Prep
water,Prep
cover,Prep
than,Prep
food,Prep
call,Prep
sun,Prep
first,Prep
four,Prep
people,Prep
thought,Prep
may,Prep
let,Prep
down,Prep
keep,Prep
side,Prep
eye,Prep
been,Prep
never,Prep
now,Prep
last,Prep
find,Prep
door,Prep
any,Prep
between,Prep
new,Prep
city,Prep
work,Prep
tree,Prep
part,Prep
cross,Prep
take,Prep
since,Prep
get,Prep
hard,Prep
place,Prep
start,Prep
made,Prep
might,Prep
live,Prep
story,Prep
where,Prep
saw,Prep
after,Prep
far,Prep
back,Prep
sea,Prep
little,Prep
draw,Prep
only,Prep
left,Prep
round,Prep
late,Prep
man,Prep
run,Prep
year,Prep
don't,Prep
came,Prep
while,Prep
show,Prep
press,Prep
every,Prep
close,Prep
good,Prep
night,Prep
me,Prep
real,Prep
give,Prep
life,Prep
our,Prep
few,Prep
under,Prep
stop		,Prep
open,Prep
ten,Prep
seem,Prep
simple,Prep
together,Prep
several,Prep
next,Prep
vowel,Prep
white,Prep
toward,Prep
children,Prep
war,Prep
begin,Prep
lay,Prep
got,Prep
against,Prep
walk,Prep
pattern,Prep
example,Prep
slow,Prep
ease,Prep
center,Prep
paper,Prep
love,Prep
often,Prep
person,Prep
always,Prep
money,Prep
music,Prep
serve,Prep
those,Prep
appear,Prep
both,Prep
road,Prep
mark,Prep
map,Prep
book,Prep
science,Prep
letter,Prep
rule,Prep
until,Prep
govern,Prep
mile,Prep
pull,Prep
river,Prep
cold,Prep
car,Prep
notice,Prep
feet,Prep
voice,Prep
care,Prep
fall,Prep
second,Prep
power,Prep
group,Prep
town,Prep
carry,Prep
fine,Prep
took,Prep
certain,Prep
rain,Prep
fly,Prep
eat,Prep
unit,Prep
room,Prep
lead,Prep
friend,Prep
cry,Prep
began,Prep
dark,Prep
idea,Prep
machine,Prep
fish,Prep
note,Prep
mountain,Prep
wait,Prep
north,Prep
plan,Prep
once,Prep
figure,Prep
base,Prep
star,Prep
hear,Prep
box,Prep
horse,Prep
noun,Prep
cut,Prep
field,Prep
sure,Prep
rest,Prep
watch,Prep
correct,Prep
color,Prep
able,Prep
face,Prep
pound,Prep
wood,Prep
done,Prep
main,Prep
beauty,Prep
enough,Prep
drive,Prep
plain,Prep
stood,Prep
girl,Prep
contain,Prep
usual,Prep
front,Prep
young,Prep
teach,Prep
ready,Prep
week,Prep
above,Prep
final,Prep
ever,Prep
gave,Prep
red,Prep
green,Prep
list,Prep
oh,Prep
though,Prep
quick,Prep
feel,Prep
develop,Prep
talk,Prep
sleep,Prep
bird,Prep
warm,Prep
soon,Prep
free,Prep
body,Prep
minute,Prep
dog,Prep
strong,Prep
family,Prep
special,Prep
direct,Prep
mind,Prep
pose,Prep
behind,Prep
leave,Prep
clear,Prep
song,Prep
tail,Prep
measure,Prep
produce,Prep
state,Prep
fact,Prep
product,Prep
street,Prep
black,Prep
inch,Prep
short,Prep
lot,Prep
numeral,Prep
nothing,Prep
class,Prep
course,Prep
wind,Prep
stay,Prep
question,Prep
wheel,Prep
happen,Prep
full,Prep
complete,Prep
force,Prep
ship,Prep
blue,Prep
area,Prep
object,Prep
half,Prep
decide,Prep
rock,Prep
surface,Prep
order,Prep
deep,Prep
fire,Prep
moon,Prep
south,Prep
island,Prep
problem,Prep
foot,Prep
piece,Prep
yet,Prep
told,Prep
busy,Prep
knew,Prep
test,Prep
pass,Prep
record,Prep
farm,Prep
boat,Prep
top,Prep
common,Prep
whole,Prep
gold,Prep
king,Prep
possible,Prep
size,Prep
plane,Prep
heard,Prep
age,Prep
best,Prep
dry,Prep
hour,Prep
wonder,Prep
better,Prep
laugh,Prep
true,Prep
thousand,Prep
during,Prep
ago,Prep
hundred,Prep
ran,Prep
am,Prep
check,Prep
remember,Prep
game,Prep
step,Prep
shape,Prep
early,Prep
yes,Prep
hold,Prep
west,Prep
miss,Prep
ground,Prep
brought,Prep
interest,Prep
heat,Prep
reach,Prep
snow,Prep
fast,Prep
bed,Prep
five,Prep
bring,Prep
sing,Prep
sit,Prep
listen,Prep
perhaps,Prep
six,Prep
fill,Prep
table,Prep
east,Prep
travel,Prep
weight,Prep
less,Prep
language,Prep
morning,Prep
among,Prep